{
	"components": {
	    "x-902337-movie-quotes": {
	        "innerComponents": [
				"example-checklist-item"
			],
			"uiBuilder": {
				"associatedTypes": ["global.core", "global.landing-page"],
				"label": "HEllo 우리 팀장님 잘생긴 Component",
				"icon": "document-outline",
				"description": "A description of my component",
				"category": "primitives"
			}
	    },
		"example-agent-assist" : {
			"innerComponents": [
				"now-icon",
				"now-loader",
				"now-heading"
			]
		},
	    "example-customer-360": {
			"innerComponents": [
				"now-avatar",
				"now-icon",
				"now-label-value-stacked",
				"now-label-value-inline",
				"now-heading"
			],
			"properties": [
				{
				  "name": "table",
				  "label": "table",
				  "description": "Name of the table to pick caller from",
				  "readOnly": false,
				  "fieldType": "table_name",
				  "required": true,
				  "defaultValue": "incident",
				  "typeMetadata": {}
				},
				{
				  "name": "sysId",
				  "label": "sysId",
				  "description": "The unique identifier for the record",
				  "readOnly": false,
				  "fieldType": "string",
				  "required": true,
				  "defaultValue": "85071a1347c12200e0ef563dbb9a71c1",
				  "typeMetadata": {}
				}
			]
		},
		"example-checklist" : {
			"uiBuilder": {
				"label": "Checklist",
				"icon": "list-fill",
				"description": "Logged in users can manage their tasks",
				"category": "primitives",
				"associatedTypes": [
					"global.core"
				]
			},
	        "innerComponents": [
				"now-heading",
				"now-loader",
				"now-button",
				"now-toggle",
				"example-checklist-item",
				"now-label-value-inline",
				"now-button-iconic"
			]
		}
	},
	"scopeName": "x_902337_lhyunse_0"
}
